text	retweeted	retweet_count	hashtags	urls	created_at	description	screen_name	name	friends_count	followers_count	statuses_count
Why Bernie Sanders Got Twice as Much Applause as Hillary Clinton When He Spoke to La Raza @alternet http://t.co/ezknEeRIuU	False	0	[]	['http://www.alternet.org/election-2016/why-bernie-sanders-got-twice-much-applause-hillary-clinton-when-he-spoke-la-raza#.VaZ7Diu8TEA.twitter']	Wed Jul 15 15:24:01 +0000 2015	Guitar player, Activist,supporter of the %99 movement.#FeelTheBern	r201top	Thomas	3679	3693	42067
Notable signees to letter, led by Robert Menendez, include not only Elizabeth Warren and Bernie Sanders, but Marco Rubio and Rob Portman.	False	2	[]	[]	Wed Jul 15 15:22:08 +0000 2015	Washington editor, @thenation. Proud Buffalonian. george@thenation.com	gzornick	George Zornick	1687	8086	19652
@qHack @SenSanders Donations..google BERNIE SANDERS DONATE TO CAMPAIGN..there you will find his main campaign site..and has a secure place	False	0	[]	[]	Wed Jul 15 15:28:39 +0000 2015		JANIEDAN	JANE DAN	1157	146	7888
Bernie Sanders gets his say on Clinton's day in Capitol: WASHINGTON (AP) ‚Äî Former Secretary of State Hillary R... http://t.co/LRd5Y12eyB	False	0	[]	['http://yhoo.it/1LhAhuP']	Wed Jul 15 15:19:09 +0000 2015	25 year old Political Analyst	dentay85	Denise Taylor	178	5978	406584
"bernie sanders has no chance so im not voting" ??????????????????????????????????????????????? THE MORE PPL THAT VOTE 4 HIM MORE THA CHANCE	False	2	[]	[]	Wed Jul 15 15:24:48 +0000 2015	what do u have to say?	REDHOTCHILIDANI	danish	286	797	81318
Bernie Sanders gaining on Hillary Clinton, with Biden looming: poll http://t.co/M8Wd9QSBC3 via @washtimes	False	0	[]	['http://wtim.es/1L9OhIy']	Wed Jul 15 15:25:56 +0000 2015	Sports,Racehorses and @ASavageNation	johnnydac	johnny	952	1017	11439
RT @ungerbn103: @SenSanders @stavernise  Tragically, that concern doesn't seem to be on the radar of the GOP.	False	2	[]	[]	Wed Jul 15 15:25:19 +0000 2015	#JillSteinBaraka  #GreenParty2016, #BLM =Novel,"Paradise Now,"& Philosophy,="BecomingThe Thinker."@memcculloch fan+LOVE Our2Cats!&	CharlesMunn1	Charles Munn,	81382	89866	212439
RT @tfarley1969: @CMZR @TheBoNose @SenatorTester @LIOptOut @UFT @SenSanders and LISTEN to the parents!	False	3	[]	[]	Wed Jul 15 15:19:06 +0000 2015	One mom fighting for better education opportunities, and that DOES NOT INCLUDE STANDARDIZED TESTING	CMZR	Christine Zirkelbach	293	491	11061
RT @FuelTheBern: Hillary Clinton is all words. Bernie Sanders has backed his words with real legislation. #FeelTheBern! #Bernie2016!  http:‚Ä¶	False	20	['FeelTheBern', 'Bernie2016']	[]	Wed Jul 15 15:20:25 +0000 2015	Intellectual Outgoing Teacher Inspirer Protector	mandeerox	Mandee ‚ô°	183	268	5899
RT @WI4Bernie: Bernie Sanders hails Iran pact as 'a victory for diplomacy' http://t.co/3F79Qjx6rs #FeelTheBern #Bernie2016 @Women4Bernie	False	2	['FeelTheBern', 'Bernie2016']	['http://thehill.com/blogs/ballot-box/presidential-races/247815-sanders-iran-deal-a-victory-for-diplomacy#.VaZ8J2hbELc.twitter']	Wed Jul 15 15:29:17 +0000 2015	selling drugs to support my non-profit cat house.  Always tell the truth it's easier to remember I love Esalyn lapsed Unitarian	dnauerbach13	#BringBernieBack13	2525	3337	109015
RT @Boston4Bernie: 400 out tonight supporting Bernie Sanders in Boston...and the candidate's not even in town! #grassroots #FeelTheBern htt‚Ä¶	False	106	['grassroots', 'FeelTheBern']	[]	Wed Jul 15 15:20:35 +0000 2015		JohnCzer1	John Czerwonka	5001	2678	159960
Watch Ur Beck RT @tacotansel I want Bernie Sanders to be president so Donald Trump can tweet about losing to a communist.	False	0	[]	[]	Wed Jul 15 15:28:02 +0000 2015	Joseph McCarthy claimed there were large numbers of Communists and Soviet spies and sympathizers inside the United States federal government and elsewhere.	RedScareBot	Robot J. McCarthy	132	14568	2497529
RT @JosephBrandon8: Republicans Crushed As Elizabeth Warren and Bernie Sanders Support Obama On Iran Deal http://t.co/J8RHWSmYur via @polit‚Ä¶	False	15	[]	['http://www.politicususa.com/2015/07/14/republicans-crushed-elizabeth-warren-bernie-sanders-support-obama-iran-deal.html']	Wed Jul 15 15:23:43 +0000 2015	I believe in God & All religions are equal{}Enjoy poking fun at the RWNJs & anyone promoting ignorants{}I Stand with PP{}Love Animals{}Stink at using Hashtags	sharon_glenn	Sharon Glenn	1291	1139	47709
RT @nhbaptiste: The unemployment rate for young African Americans is 21.4%--and Bernie Sanders wants to do something about it: http://t.co/‚Ä¶	False	7	[]	[]	Wed Jul 15 15:28:28 +0000 2015	#JillSteinBaraka  #GreenParty2016, #BLM =Novel,"Paradise Now,"& Philosophy,="BecomingThe Thinker."@memcculloch fan+LOVE Our2Cats!&	CharlesMunn1	Charles Munn,	81382	89866	212439
RT @HillaryGuess: In His Own Words, Bernie Sanders Only Can Win Through a Massive, Social Media, Grassroots Effort: http://t.co/RzQQoqhrIS ‚Ä¶	False	3	[]	['http://www.ringoffireradio.com/2015/07/in-his-own-words-bernie-sanders-only-can-win-through-a-massive-social-media-grassroots-effort/']	Wed Jul 15 15:24:30 +0000 2015	#Occupy #Independent #GreenParty #NoTPP #NoDAPL #LGBTQ #Leftist #SinglePayer #BasicIncome 'plebian' plz follow @MarchToCanada	burberryant	üíúdesüñ§	6245	6548	222944
RT @richardalijos: It's Official -- Bernie Sanders Has Overtaken Hillary Clinton In the Hearts and Minds of Democrats http://t.co/EcnD0Qry7i	False	1	[]	['http://fb.me/41I1pCYlS']	Wed Jul 15 15:23:01 +0000 2015	Rwandan-Nigerian #ScienceFiction/#Fantasy #writer. Proud #RwOT. https://t.co/t7840cbAQy	DayoNtwari	Dayo Ntwari	511	790	11397
RT @HillaryGuess: In His Own Words, Bernie Sanders Only Can Win Through a Massive, Social Media, Grassroots Effort: http://t.co/RzQQoqhrIS ‚Ä¶	False	3	[]	['http://www.ringoffireradio.com/2015/07/in-his-own-words-bernie-sanders-only-can-win-through-a-massive-social-media-grassroots-effort/']	Wed Jul 15 15:26:45 +0000 2015	selling drugs to support my non-profit cat house.  Always tell the truth it's easier to remember I love Esalyn lapsed Unitarian	dnauerbach13	#BringBernieBack13	2525	3337	109015
#Folks we need Bernie Sanders to be our President!!! http://t.co/7gzP6iIW0Z	False	0	['Folks']	['http://fb.me/3FUlQWjRV']	Wed Jul 15 15:22:32 +0000 2015		GeorgeNasse	George Nasse	187	32	7093
.@headabovewater was wearing a bernie sanders for president shirt, bless him http://t.co/3Xv9wgzF3s	False	1	[]	[]	Wed Jul 15 15:28:41 +0000 2015	vegetarian//pansexual	punkwaydrive	paige	476	247	6259
Hillary Clinton 2016: Lead in polls continues to shrink as Bernie Sanders surges - POLITICO http://t.co/b7w99p9LfA	False	0	[]	['http://www.politico.com/story/2015/07/poll-hillary-clinton-lead-shrinking-democrats-120140.html']	Wed Jul 15 15:25:36 +0000 2015	Tweeting the Headline News, National News, Political News, World News, Financial News, Celebrity News, Local News,Tech News and Sports News!	SnewsHound	SnewsHound	8791	9282	41739
RT @LILBTHEBASEDGOD: The streets and the hood is showing love to Bernie @BernieSanders @SenSanders and sayin he got good morals and he foll‚Ä¶	False	1743	[]	[]	Wed Jul 15 15:22:04 +0000 2015	what do u have to say?	REDHOTCHILIDANI	danish	286	797	81318
I want Bernie Sanders to be president so Donald Trump can tweet about losing to a communist.	False	0	[]	[]	Wed Jul 15 15:27:18 +0000 2015	I'm on a low carb diet. I also excel in sports. Follow me please. #TeamTansel	TacoTansel	DrakeLo stan	653	657	49684
Bernie Sanders Phoenix Event Moved to Convention Center  http://t.co/B744ViRjdl via @phoenixnewtimes #FeelTheBern #Bernie2016	False	0	['FeelTheBern', 'Bernie2016']	['http://www.phoenixnewtimes.com/news/bernie-sanders-event-moved-to-convention-center-7490663']	Wed Jul 15 15:27:01 +0000 2015	#EarthSpeak Discovering How to Speak With Earth and For Earth #OurRevolution I am #TheResistance #NotMyPresident #NeverTrump #BoycottTrump #Resist @EarthWins	Living4Earth	EarthSpeak	13723	13838	29939
RT @CMZR: @tfarley1969 @TheBoNose @SenatorTester @LIOptOut @UFT @SenSanders If he wants to beat Hilary he needs to listen to parents	False	3	[]	[]	Wed Jul 15 15:19:55 +0000 2015	Elementary/Middle School Principal, husband, proud father of 4 children. #Catholic, #Libertarian, critic of Regents Reform Agenda, & founding member of NYSAPE.	tfarley1969	Tim Farley	2077	3775	27179
RT @shouldbelegal: Presidential Hopeful Bernie Sanders on the Verge of Supporting the End of Proh http://t.co/gUh67F6Kz4  #420 #weed #Unite‚Ä¶	False	1	['weed']	['http://bit.ly/1J6Kndm']	Wed Jul 15 15:22:30 +0000 2015	We support all Cannabis Related Content. Please @ send us your links and we will ReTweet! Following‚â•Followers	Cannabis_RT_	Cannabis RT	1628	1841	45659
Host an Organizing Kickoff for Bernie Sanders on Wednesday, July 29 at 7pm ET/PT https://t.co/XT8MDy7baM #FeelTheBern #Bernie2016	False	2	['FeelTheBern', 'Bernie2016']	['https://secure.berniesanders.com/page/event/create?source=em150713july29-d']	Wed Jul 15 15:24:37 +0000 2015	#EarthSpeak Discovering How to Speak With Earth and For Earth #OurRevolution I am #TheResistance #NotMyPresident #NeverTrump #BoycottTrump #Resist @EarthWins	Living4Earth	EarthSpeak	13723	13838	29939
Bernie Sanders shows Donald Trump how it‚Äôs done http://t.co/ZpZ7XrbOvw	False	1	[]	['http://on.mktw.net/1CGwrtU']	Wed Jul 15 15:23:03 +0000 2015	For Sale ! U.S. Government: The best money can buy.	pamrich7	Pam Rich	804	265	22423
RT @G_njaJ_sus: Bernie Sanders is real as fuck wow http://t.co/Vo6EKEHicD	False	1690	[]	[]	Wed Jul 15 15:24:15 +0000 2015	The Force is with me and I am one with the Force.	infinityonloops	Chirrut √émwe	143	896	210228
RT @WI4Bernie: Bernie Sanders at the National Council of La Raza - NCLR15 July 13, 2015 https://t.co/KvzGf4LtrY via @YouTube #FeelTheBern #‚Ä¶	False	2	['FeelTheBern']	['https://youtu.be/MxX0jKrOYBU']	Wed Jul 15 15:20:01 +0000 2015	Dad to one precious angel. Technician. Wanna glimpse of my daily life? Snapchat: team_pitbull Stay strong revolutionaries. Those awakened will remain so. #WORK	Team_PitBull_TN	USS_Anderson	650	1395	31809
RT @REDHOTCHILIDANI: "bernie sanders has no chance so im not voting" ??????????????????????????????????????????????? THE MORE PPL THAT VOTE‚Ä¶	False	2	[]	[]	Wed Jul 15 15:29:47 +0000 2015		baehaven	üåª alina üåª	341	392	18584
@Stairfax running against Bernie Sanders or Hillary Clinton his chance is zero. Plus he's unashamedly an asswipe.	False	0	[]	[]	Wed Jul 15 15:20:10 +0000 2015	I Breathe MH and love RPGs (SMT/FE/PKMN/Xenoblade/DQ among others) I try to be well-rounded, it sorta works. I don't hold grudges. Also I hope your day is good!	diortememirp	Wilson S. (Hiatus)	154	279	94902
RT @SuzyKhimm: To beat the machine, Bernie Sanders needs to build one. Inside his grassroots army: http://t.co/6tOw7EMe5u #feelthebern #ber‚Ä¶	False	3	['feelthebern']	['http://www.newrepublic.com/article/122284/bernie-sanderss-grassroots-army-passionate-disorganized']	Wed Jul 15 15:20:03 +0000 2015	All power is political.If it is not rational nor empirical it is likely superstition! Unionmember #UniteBlue #LGBTQI #ConectTheLeft #StopTheocracy	winn1_winn	Carroll Winn	4872	4330	89525
Bernie Sanders has raised more money than every GOP campaign so far. But there‚Äôs a catch. http://t.co/lgetFEtM40	False	0	[]	['http://www.vox.com/2015/7/15/8968333/bernie-sanders-fundraising?utm_campaign=vox&utm_content=article%3Afixed&utm_medium=social&utm_source=twitter#']	Wed Jul 15 15:20:11 +0000 2015	Writer of speeches & other delights. Runner, master slaw maker. I sleep on a high-tech pillow. Works @BCBSM, tweets=mine.	sveng	Sven Gustafson	2165	2341	16804
@RandyHarmonSFL @Martina Bernie Sanders is going to get the nomination just like Barrack Hussein O'bama did. Trump is in it to win it.	False	0	[]	[]	Wed Jul 15 15:28:48 +0000 2015	Clinton could have stopped 9/11 The Republic of the USA is United	AudreyAkaye	Audrey	776	652	14866
RT @iamrobineublind: One more reason to take @SenSanders all the way to the White House. We must take to the streets state by state. @Occup‚Ä¶	False	1	[]	[]	Wed Jul 15 15:25:50 +0000 2015	'sup Capitalism?	JenD1974	Kremlin Stooge *Hun	5072	5737	176357
RT @WI4Bernie: Host an Organizing Kickoff for Bernie Sanders on Wednesday, July 29 at 7pm ET/PT https://t.co/XT8MDy7baM #FeelTheBern #Berni‚Ä¶	False	2	['FeelTheBern']	['https://secure.berniesanders.com/page/event/create?source=em150713july29-d']	Wed Jul 15 15:24:46 +0000 2015	#Occupy #Independent #GreenParty #NoTPP #NoDAPL #LGBTQ #Leftist #SinglePayer #BasicIncome 'plebian' plz follow @MarchToCanada	burberryant	üíúdesüñ§	6245	6548	222944
RT @pamrich7: Bernie Sanders shows Donald Trump how it‚Äôs done http://t.co/ZpZ7XrbOvw	False	1	[]	['http://on.mktw.net/1CGwrtU']	Wed Jul 15 15:26:30 +0000 2015	Exposing Scott Walker/others in Koch Brothers/Oligarch kleptoduopoly. Documentary pending. TrumpTrolls blocked Vids: https://t.co/mBt4jJxr26	scottwalkerwtch	scottwalkerwatch	325	1412	24320
RT @dabeard: "Debt-free college" idea by @SenSanders and @SenWarren gaining steam on stump. http://t.co/K5C2a1TY1N @OnCampusWGBH http://t.c‚Ä¶	False	4	[]	['http://www.pri.org/stories/2015-07-15/politicians-call-debt-free-college']	Wed Jul 15 15:22:57 +0000 2015		JulieBParks	Julie Parks	76	35	355
Bernie Sanders gets his say on Clinton's day in Capitol http://t.co/rbBzvcWHPD	False	0	[]	['http://dpo.st/1L9OCuJ']	Wed Jul 15 15:27:05 +0000 2015	Top national and world news headlines from @denverpost. Follow more of our journalists here: http://t.co/rpzcEQnGWM	DPNationalNews	Denver Post National	7081	6005	25630
@SkinNBonesMusic It really is thou! Idk if they have anyone fucking with Bernie Sanders, he's gaining a lot of momentum	False	0	[]	[]	Wed Jul 15 15:26:11 +0000 2015	....Or Maybe in the Ocean, Swimming wid the Pidgeons	Yung_Myspace69	Teri Yaki	328	201	1070
RT @OraPolitics: Bernie Sanders says his 2016 message is 'resonating' everywhere http://t.co/xL0o9LG7E6 http://t.co/sMwYAGRy2H	False	28	[]	['http://bit.ly/1NYTLnk']	Wed Jul 15 15:27:03 +0000 2015	Blogging about #ChildAbuse and #Corporalpunishment causing escalating violence and #Electionreform and #MediaReform you won't hear in the news, and more,	Zacherydtaylor	Zack Taylor	2589	1926	25473
Bernie Sanders shows Donald Trump how it‚Äôs done http://t.co/yh0TB6mXyc	False	0	[]	['http://on.mktw.net/1CGwrtU']	Wed Jul 15 15:20:03 +0000 2015	client for Circles Magazine	dgendvil	Derek Gendvil	5001	1708	203459
RT @ericofaustin: @SenSanders @stavernise Percentage of black children in poverty was downward until Bush Admin.  Shocker.	False	1	[]	[]	Wed Jul 15 15:29:01 +0000 2015	Native Austinite. Musician. Filmmaker. Writer. We're living in unprecedented times. These pretzels are making me thirsty.	JimmyA_Shook1s	Senator_Corleone	3461	2644	109537
RT @WI4Bernie: Host an Organizing Kickoff for Bernie Sanders on Wednesday, July 29 at 7pm ET/PT https://t.co/XT8MDy7baM #FeelTheBern #Berni‚Ä¶	False	2	['FeelTheBern']	['https://secure.berniesanders.com/page/event/create?source=em150713july29-d']	Wed Jul 15 15:25:08 +0000 2015	Just another human like you. Just to be clear if youre going to just rant about any of your gods Im not going to follow, Im an atheist goddamit!  Fuck Uniteblue	GodandtheBear	GodandtheBear	10521	11078	193912
Why Bernie Sanders Got Twice as Much Applause as Hillary Clinton When He Spoke to La Raza @alternet http://t.co/Tl55ymWZGT	False	0	[]	['http://www.alternet.org/election-2016/why-bernie-sanders-got-twice-much-applause-hillary-clinton-when-he-spoke-la-raza#.VaZ72osJVZs.twitter']	Wed Jul 15 15:27:24 +0000 2015		gregw099	Greg Walters	151	19	326
RT @ToTellTheTruth: Bernie Sanders: For African-Americans between the ages of 17 and 20, "the real unemployment rate ‚Ä¶ is 51‚Ä¶ http://t.co/u‚Ä¶	False	2	[]	[]	Wed Jul 15 15:28:39 +0000 2015	#JillSteinBaraka  #GreenParty2016, #BLM =Novel,"Paradise Now,"& Philosophy,="BecomingThe Thinker."@memcculloch fan+LOVE Our2Cats!&	CharlesMunn1	Charles Munn,	81382	89866	212439
Why Bernie Sanders Got Twice as Much Applause as Hillary Clinton When He Spoke to La Raza @alternet #Justice4Lenny http://t.co/YBjsblcoYy	False	0	['Justice4Lenny']	['http://www.alternet.org/election-2016/why-bernie-sanders-got-twice-much-applause-hillary-clinton-when-he-spoke-la-raza']	Wed Jul 15 15:27:58 +0000 2015	Writer, Fine Artist, fighting for true equality, fighting for justice, fighting cancer	Vandy426	Vandy Hill	621	178	2535
(Bernie Sanders/5000000)&gt;Hillary Clinton	False	0	[]	[]	Wed Jul 15 15:29:58 +0000 2015	I am an enthusiast.	isaacmcschnaar	new year new meme	155	131	2363
@greenthems @SenSanders The growing, CDC vax schedule and unbridled Wall ST. have MUCH in common. New shots added, yearly, for shareholders!	False	2	[]	[]	Wed Jul 15 15:26:02 +0000 2015	A 50-something Progressive, working for medical freedom & choice. Be a courageous, trail BLAZER, even if peers don't like your path. #USAHealthRevolution	wendyblazer65	WendyGoeldnerHermes	259	427	6675
RT @SickxImpatient: Donald Trump hates minorities and Bernie Sanders follows @LILBTHEBASEDGOD. i think it's safe to say I know who I'm voti‚Ä¶	False	385	[]	[]	Wed Jul 15 15:25:03 +0000 2015	Parsons. voted most likely to virtually throw hands.	mrgnhayes	Morgan Hayes	590	216	1534
The Bernie Sanders Surge Is About Bernie, Not Hillary - http://t.co/0y7vYl9u0N	False	0	[]	['http://www.mrtopstep.com/the-bernie-sanders-surge-is-about-bernie-not-hillary/']	Wed Jul 15 15:23:31 +0000 2015	The information in these Market Commentaries do not constitute a solicitation of the purchase or sale of any futures or options contracts.	MrTopStep	MrTopStep	338	24532	132675
Bernie Sanders Tells what his presidential runs is all about.. It is about You! http://t.co/H8gKONnuod	False	0	[]	['http://fb.me/7pinRCuCv']	Wed Jul 15 15:20:11 +0000 2015		eyesaregreen	Eyesaregreen	467	191	15451
RT @ezraklein: Bernie Sanders has raised more money than every GOP campaign so far. But there‚Äôs a catch: http://t.co/zlxx6AjjCA	False	42	[]	['http://bit.ly/1TCz7Nv']	Wed Jul 15 15:29:45 +0000 2015	Empire without corrupts within. #BlackLivesMatter #PoliticalRevolution #BernieWouldaWon	JeanetteJing	Jeanette Verdista	4651	31291	34259
I liked a @YouTube video from @grittv http://t.co/hIN0xVpIwL Cornel West on Bernie Sanders, Michael Eric Dyson, Trans Rights, and	False	0	[]	['http://youtu.be/nHsHhj329T4?a']	Wed Jul 15 15:25:42 +0000 2015	Indie Songwriter, Producer & Publisher at @JCTProStudio - Specialty 4Track Analog to Digital w LogicProX or ProTools. @MasonMaphey	twopmjunction	Stephen Mason	99969	105303	209530
RT @OccuWorld: Bernie Sanders Draws Biggest Turnout for Maine Democratic Rally in 25 Years http://t.co/fwXxM8Ppfk	False	1	[]	['http://www.occuworld.org/news/791908']	Wed Jul 15 15:23:09 +0000 2015	‚ÄúThe first duty of a man is to think for himself‚Äù ‚Äï Jos√© Mart√≠	richer_jp	Jean-Pierre Richer	548	231	17842
RT @HillaryGuess: In His Own Words, Bernie Sanders Only Can Win Through a Massive, Social Media, Grassroots Effort: http://t.co/RzQQoqhrIS ‚Ä¶	False	3	[]	['http://www.ringoffireradio.com/2015/07/in-his-own-words-bernie-sanders-only-can-win-through-a-massive-social-media-grassroots-effort/']	Wed Jul 15 15:24:21 +0000 2015	grassroots effort to get the vote for Bernie in the Greater Cininnati Area. rolled out @SEI4BS to get more local.  cincy4bernie available, dm me.	Cincy4Bernie	Follow- @SEI4BS	1038	992	6398
Bernie Sanders Thinks Consumer Choice Harms Kids by Sheldon Richman https://t.co/p9JHpjWJsQ via @sharethis	False	0	[]	['https://shar.es/1sfZlV']	Wed Jul 15 15:28:09 +0000 2015	Amateur Austrian School economist and anarcho-capitalist, Ron Paul backer.  Hockey fan, go Blues, go Devils.  Lover of unusual music, all styles.	cgraviss	chris graviss	991	494	8389
RT @Chessmanmark: "If anything, the @AFTunion endorsement of @HillaryClinton will only stoke the fires of @SenSanders campaign" @sullio htt‚Ä¶	False	2	[]	[]	Wed Jul 15 15:19:38 +0000 2015	Pro-Education, Pro-Worker	sullio	Sullio	1043	1062	6891
RT @LILBTHEBASEDGOD: The streets and the hood is showing love to Bernie @BernieSanders @SenSanders and sayin he got good morals and he foll‚Ä¶	False	1743	[]	[]	Wed Jul 15 15:26:46 +0000 2015	I enjoy literature, animals, activism, and feminist theory. Democratic Socialists of America ‚úä	shelbym227	Shelby Murphy	196	190	930
RT @WI4Bernie: The Corporate Media Would Like You to Think Bernie Sanders Can‚Äôt Win http://t.co/80l9WLcJPv via @dailykos #FeelTheBern #Bern‚Ä¶	False	3	['FeelTheBern']	['http://www.dailykos.com/story/2015/05/22/1386790/-The-Corporate-Media-Would-Like-You-to-Think-Bernie-Sanders-Can-t-Win']	Wed Jul 15 15:28:40 +0000 2015	Bernie Sanders for POTUS. NC | NYC Singer/actress https://t.co/1CzbCBFRZb	prattlandia	#FreeDavidMBarren	6066	7577	49339
RT @TheBubbleBubble: Elizabeth Warren, Bernie Sanders, etc. are snakes and deceivers who peddle the 'medicine' of socialism to the gullible‚Ä¶	False	17	[]	[]	Wed Jul 15 15:20:16 +0000 2015		TheCreditBubble	TheCreditBubble	68	2572	12613
Bernie Sanders Has More Support Than Every 2016 Republican Candidate In New Poll http://t.co/zdl8VZMtLl via @politicususa	False	0	[]	['http://www.politicususa.com/2015/05/29/bernie-sanders-support-2016-republican-presidential-candidate-poll.html']	Wed Jul 15 15:23:43 +0000 2015	1971 High School Grad. Attending the School of Hard Knocks 1971 to the present time. No graduation date in sight !	RobertSaeger	Robert Saeger	1123	96	1646
RT @JunkScience: Bernie Sanders is a Communist and an Ignoramus. http://t.co/1GnrNLAqx5 http://t.co/RIwDmPnTTl	False	18	[]	['http://canadafreepress.com/article/73748']	Wed Jul 15 15:26:46 +0000 2015	#PATRIOT #MAGA #2A #PJNET ŒúŒüŒõŒ©Œù ŒõŒëŒíŒï #LNYHBT	izzipatriot	DEPLORABLE IZZI üá∫üá∏	7622	8137	121098
RT @G_njaJ_sus: Bernie Sanders is real as fuck wow http://t.co/Vo6EKEHicD	False	1690	[]	[]	Wed Jul 15 15:25:10 +0000 2015	I've seen footage, I stay noided | OSU | #blacklivesmatter	Zarathustra	tom	129	192	5995
Bernie Sanders Vs Hillary Clinton https://t.co/uzSYU2GYiX via @YouTube	False	0	[]	['https://youtu.be/qSIEMRpB9BM']	Wed Jul 15 15:24:41 +0000 2015	Host of The Chris Lapakko Experiment. Contributor for Outspeak TV on Huffington Post. Body language enthusiast. Social justice warrior. #TheKingofEarnedMedia.	TheChrisLapakko	The Chris Lapakko	3447	3263	27372
RT @LILBTHEBASEDGOD: The streets and the hood is showing love to Bernie @BernieSanders @SenSanders and sayin he got good morals and he foll‚Ä¶	False	1743	[]	[]	Wed Jul 15 15:27:20 +0000 2015	.	BrandanSubick_	jesus	140	216	12374
Donate $15 to Bernie Sanders to support a $15 minimum wage! #Bernie2016 #FeelTheBern http://t.co/8V3ygKts08	False	0	['Bernie2016', 'FeelTheBern']	['http://thndr.it/1Jg8cVJ']	Wed Jul 15 15:24:32 +0000 2015	lead service designer @WeAreVolcanic, rock climber, improv artist, humanist	aleafinwater	yosef shuman	127	228	857
@SenSanders Could there be a more dangerous Prez than @POTUS? If anyone, it is the pinko/communist/socialist/anti-American Comrade Sanders.	False	0	[]	[]	Wed Jul 15 15:25:06 +0000 2015	I am Jack. Who are you?	Ghostrider1492	Jack Stone	2037	233	2463
RT @andendall: Bernie Sanders helping Democrats to grow a pair. Help us create a louder voice http://t.co/hPVfQvvzFL http://t.co/qe9LbpaXpq	False	17	[]	['http://buff.ly/1cxGO6R']	Wed Jul 15 15:23:07 +0000 2015	Italian-LUV Aerosmith,Pink Floyd,Eric Clapton,RedSox,Patriots #SOAFan,Fave actor @JamesPMorrison xo-Bio pic Me & @joeykramer xo Drummer 4 @Aerosmith	BigAerosmithFan	Barbara Diaute ^^A^^	3078	3872	177914
Bernie Sanders hails Iran pact as 'a victory for diplomacy' http://t.co/3F79Qjx6rs #FeelTheBern #Bernie2016 @Women4Bernie	False	2	['FeelTheBern', 'Bernie2016']	['http://thehill.com/blogs/ballot-box/presidential-races/247815-sanders-iran-deal-a-victory-for-diplomacy#.VaZ8J2hbELc.twitter']	Wed Jul 15 15:29:03 +0000 2015	#EarthSpeak Discovering How to Speak With Earth and For Earth #OurRevolution I am #TheResistance #NotMyPresident #NeverTrump #BoycottTrump #Resist @EarthWins	Living4Earth	EarthSpeak	13723	13838	29939
RT @ezraklein: Bernie Sanders has raised more money than every GOP campaign so far. But there‚Äôs a catch: http://t.co/zlxx6AjjCA	False	42	[]	['http://bit.ly/1TCz7Nv']	Wed Jul 15 15:22:24 +0000 2015	Economics professor, Scot(ch)ophile, and believer in the What About Bob? Theory of Group Formation. #TeamDiamond	Pendelton_Gwynn	AM	153	39	1324
@OccuWorld Go @SenSanders Go!!!	False	0	[]	[]	Wed Jul 15 15:23:29 +0000 2015	‚ÄúThe first duty of a man is to think for himself‚Äù ‚Äï Jos√© Mart√≠	richer_jp	Jean-Pierre Richer	548	231	17842
RT @G_njaJ_sus: Bernie Sanders is real as fuck wow http://t.co/Vo6EKEHicD	False	1690	[]	[]	Wed Jul 15 15:20:01 +0000 2015	we're not lucky, but we're fortunate.	Taygore	-taygore-	105	241	26873
Presidential Candidate Bernie Sanders Is Coming to Phoenix  http://t.co/fdnJ90yvw3 via @phoenixnewtimes #FeelTheBern #Bernie2016	False	1	['FeelTheBern', 'Bernie2016']	['http://www.phoenixnewtimes.com/news/presidential-candidate-bernie-sanders-is-coming-to-phoenix-7485249']	Wed Jul 15 15:27:34 +0000 2015	#EarthSpeak Discovering How to Speak With Earth and For Earth #OurRevolution I am #TheResistance #NotMyPresident #NeverTrump #BoycottTrump #Resist @EarthWins	Living4Earth	EarthSpeak	13723	13838	29939
The Corporate Media Would Like You to Think Bernie Sanders Can‚Äôt Win http://t.co/80l9WLcJPv via @dailykos #FeelTheBern #Bernie2016	False	3	['FeelTheBern', 'Bernie2016']	['http://www.dailykos.com/story/2015/05/22/1386790/-The-Corporate-Media-Would-Like-You-to-Think-Bernie-Sanders-Can-t-Win']	Wed Jul 15 15:28:08 +0000 2015	#EarthSpeak Discovering How to Speak With Earth and For Earth #OurRevolution I am #TheResistance #NotMyPresident #NeverTrump #BoycottTrump #Resist @EarthWins	Living4Earth	EarthSpeak	13723	13838	29939
@TheSoulbrother nobody on the show knows Bernie Sanders???	False	0	[]	[]	Wed Jul 15 15:29:32 +0000 2015	Musician - Producer - Engineer - Scene Builder lonedome@live.com @RoyalVentureEnt Founder | iStandard Champ | Kings of the South Coast Mixtape Series	MrLoneDome	LONŒûDOMŒû [Music]	368	917	4564
I don't give a fuck if MLK personally endorsed Bernie Sanders, I DO NOT. HAVE. TO. LIKE. HIM.	False	5	[]	[]	Wed Jul 15 15:26:29 +0000 2015	recovering drama queen	mikaylainblack	Queen Mikayla	443	4864	79246
@qHack @SenSanders The main site has a volunteer form i think..but better to connect in your state..what state are you in,what part of ?	False	0	[]	[]	Wed Jul 15 15:29:53 +0000 2015		JANIEDAN	JANE DAN	1157	146	7888
Bernie Sanders gets his say on Clinton's day in Capitol: Former Secretary of State Hillary Rodham Clinton was‚Ä¶ http://t.co/Hg3TpvDAGG	False	0	[]	['http://dlvr.it/BXL6G0']	Wed Jul 15 15:22:08 +0000 2015	Curating the best media feeds in Charleston. Part of the 400-city The Breaking News Network, the largest community news network supporting the social good.	charlestonwvnow	Charleston WV Now	242	1469	165229
I just Donated $15 to Bernie Sanders in support of a $15 minimum wage #BernieMoneyBomb #FeelTheBern @actblue http://t.co/5jTO29qXMm	False	4	['BernieMoneyBomb', 'FeelTheBern']	['http://actb.lu/p/lets-go-bernie']	Wed Jul 15 15:27:29 +0000 2015	Legion of Boom!!!!	DeDLySMuRF	Tim Bisping	379	309	1495
Anyone else going to see Bernie Sanders in Dallas or Houston this Sunday? ‚Äì http://t.co/772P9jkW8n #Austin	False	0	['Austin']	['http://ift.tt/1OdzKdc']	Wed Jul 15 15:29:42 +0000 2015	Everything Austin, Texas	RedditAustin	Reddit r/Austin	830	2136	45542
@DBeloten No Wonder The Internet &amp; Media Corporations Love @SenSanders The Hypocrite So Much  http://t.co/3K2WkVEfIq http://t.co/kB8NTeOYli	False	0	[]	['http://thegarrisoncenter.org/archives/2094']	Wed Jul 15 15:26:18 +0000 2015	THE LIBERAL MEDIA LIE #ComplicitMedia #TrumpTankedMedia #FauxLiberalMedia #TrumpTV #MediaTookHerDown #BagelbroPropaganda	Endoracrat	ENDORACRAT	5700	5783	206037
RT @gzornick: Notable signees to letter, led by Robert Menendez, include not only Elizabeth Warren and Bernie Sanders, but Marco Rubio and ‚Ä¶	False	2	[]	[]	Wed Jul 15 15:23:01 +0000 2015	‚ÄúWe have to turn thinkers into fighters and fighters into thinkers‚Äú General Baker #DCJacobin #educolor https://t.co/7iaPSofGpZ Rhymes with vibe	DavidKaib	David Kaib	1474	4122	93458
Where were you @HillaryClinton? http://t.co/MXeLvSkz3W @McFiredogg @BadassTeachersA @SenSanders @Dems4PublicEd   @JessedHagopian @PedroniTom	False	1	[]	['http://withabrooklynaccent.blogspot.com/2015/07/where-were-you-hilary.html?m=1']	Wed Jul 15 15:26:55 +0000 2015	Personal account. Educator/Facilitator. Psychologist. World Traveler. My life is my art.  School twitter account: @AndreaBHHS	DreaMcCoy	AM	1448	1428	31462
RT @RealRandomSam: Donated $15 to the Bernie Sanders Money Bomb! If you can, you should donate as well. :) https://t.co/v5UcgJICKa #Bernie2‚Ä¶	False	2	[]	['https://secure.actblue.com/contribute/page/reddit-for-bernie']	Wed Jul 15 15:34:16 +0000 2015	Former host JOBLESS TALK Radio Show LOTTO WINNER Committed to helping mankind Laugh & Think	paladinette	TWITr WITz	13462	16668	162307
RT @NateSilver538: What some folks in the media get wrong about Bernie Sanders and Hillary Clinton, explained. http://t.co/248AepFKnt http:‚Ä¶	False	155	[]	['http://53eig.ht/1O6yqbo']	Wed Jul 15 15:31:24 +0000 2015	Finks: How the CIA Tricked the World's Best Writers https://t.co/3qW56Y2JbF @CounterpointLLC @ActesSud | @GuernicaMag cofounder @ajam @nytimes @tnr @salon clips	joel_whitney	Joel Whitney	2225	2578	16837
Poverty hurts families and has a tremendous impact on education http://t.co/P8BnX0aeST @SenSanders is so right when he speaks of education!	False	0	[]	['http://www.tcrecord.org/Content.asp?ContentId=16889']	Wed Jul 15 15:31:57 +0000 2015	Fighting for public school children, educators, families, and for strong community schools.	Teal2031	Teacher Anne	1314	466	1549
RT @tfarley1969: @CMZR @TheBoNose @SenatorTester @LIOptOut @UFT @SenSanders and LISTEN to the parents!	False	3	[]	[]	Wed Jul 15 15:31:53 +0000 2015		GWOMAN23	GLORIA	347	160	9224
RT @NateSilver538: What some folks in the media get wrong about Bernie Sanders and Hillary Clinton, explained. http://t.co/248AepFKnt http:‚Ä¶	False	155	[]	['http://53eig.ht/1O6yqbo']	Wed Jul 15 15:31:16 +0000 2015	90s kid. Un-PC progressive. Barnstorming Clevelander. Film Fest staffer. It's not easy being this tall & pale.	DJ84	David Jason	393	702	60162
RT @NateSilver538: What some folks in the media get wrong about Bernie Sanders and Hillary Clinton, explained. http://t.co/248AepFKnt http:‚Ä¶	False	155	[]	['http://53eig.ht/1O6yqbo']	Wed Jul 15 15:32:09 +0000 2015	Involved in a lot of cooperative things. Working to bring municipal fiber to Buffalo @BuffMuniFiber. Also will dutifully retweet everything from @Snowden.	ColaBick	Cola' Bickford	268	185	3010
RT @NateSilver538: What some folks in the media get wrong about Bernie Sanders and Hillary Clinton, explained. http://t.co/248AepFKnt http:‚Ä¶	False	155	[]	['http://53eig.ht/1O6yqbo']	Wed Jul 15 15:33:10 +0000 2015	Nuance is not a town in France. Cat addicted, dynamic duo with @ifireghost. RT =! endorsement	LiterallySimon	Simon	2509	1005	56564
RT @LouisianaBernie: Bernie Sanders to be guest @LaDemos annual dinner in #Nola! http://t.co/ruSvti9KFP Geaux to our Facebook page to discu‚Ä¶	False	14	['Nola']	['http://www.bestofneworleans.com/blogofneworleans/archives/2015/07/14/bernie-sanders-to-be-guest-at-louisiana-democratic-party-annual-dinner']	Wed Jul 15 15:32:55 +0000 2015	Former host JOBLESS TALK Radio Show LOTTO WINNER Committed to helping mankind Laugh & Think	paladinette	TWITr WITz	13462	16668	162307
@NateSilver538 if Hillary had not voted for the Iraq war, Bernie Sanders would be a non-factor.	False	1	[]	[]	Wed Jul 15 15:33:45 +0000 2015	Atlantan. Political obsessive compulsive. Advocate for ill-fated sporting teams. Some RTs are endorsements, some are not. Use context clues.	glacialspeed	Matt P.	618	72	3098
Bernie Sanders 2016 - new stuff from exile http://t.co/OzBtQXMHEG #UniteBlue #libcrib #zazzle #Bernie2016 http://t.co/MFCnMVzqW2	False	1	['UniteBlue', 'libcrib', 'zazzle', 'Bernie2016']	['http://exileguy-exileguy.blogspot.com/2015/07/bernie-sanders-2016-new-stuff-from-exile.html']	Wed Jul 15 15:32:14 +0000 2015	Radio Free Exile podcast, everything you need to know about penfield, with a leftist bent, zazzle pro seller...   (https://t.co/oQ63BTw18w)	exileguy	exileguy	7723	7133	12991
RT @pateras: Today is the Bernie Sanders 15/15/15 money bomb. Bernie is the candidate that is FOR the people, BY the people.... http://t.co‚Ä¶	False	3	[]	[]	Wed Jul 15 15:34:22 +0000 2015	Former host JOBLESS TALK Radio Show LOTTO WINNER Committed to helping mankind Laugh & Think	paladinette	TWITr WITz	13462	16668	162307
RT @NateSilver538: What some folks in the media get wrong about Bernie Sanders and Hillary Clinton, explained. http://t.co/248AepFKnt http:‚Ä¶	False	155	[]	['http://53eig.ht/1O6yqbo']	Wed Jul 15 15:32:42 +0000 2015	100% Posible. 100% Pura Vida. 'La democracia no es un deporte de espectadores'	JRDengo	Jose Dengo	1984	2243	57590
RT @NateSilver538: What some folks in the media get wrong about Bernie Sanders and Hillary Clinton, explained. http://t.co/248AepFKnt http:‚Ä¶	False	155	[]	['http://53eig.ht/1O6yqbo']	Wed Jul 15 15:31:21 +0000 2015	Newsie, editor, media law pro, hockey writer, be kinder reminder, Lyme fighter. Cubs, Hawks, Roll Tide, I-L-L-I-N-I	NowThatsMlady	M'lady	1408	551	43104
Bernie Sanders for President | Event | Houston Town Meeting at 7pm on July 19 http://t.co/dipAynrFk2	False	0	[]	['http://fb.me/1OU9bfbAN']	Wed Jul 15 15:32:01 +0000 2015	Disabled, Sr, Independent Female Political Activist, disgruntled with terrorist Congress & White House willing to trade my investment in America away.	LaDeneBean	LaDene Bean	193	89	21547
RT @NateSilver538: What some folks in the media get wrong about Bernie Sanders and Hillary Clinton, explained. http://t.co/248AepFKnt http:‚Ä¶	False	155	[]	['http://53eig.ht/1O6yqbo']	Wed Jul 15 15:31:53 +0000 2015	Licensed in Missouri --- Views expressed are my own. Retweets/follows are for things/people I find interesting, not necessarily endorsements.	rawest	Robert Andrew West	337	208	4553
RT @nytimes: Hillary Clinton and Bernie Sanders meet again ‚Äî in the Senate http://t.co/76T126fdDj http://t.co/pSazKU3hGA	False	212	[]	['http://nyti.ms/1I18iAu']	Wed Jul 15 15:33:22 +0000 2015	Actor, MWSU 2019	demlegs	Joey	389	448	18459
RT @nytimes: Hillary Clinton and Bernie Sanders meet again ‚Äî in the Senate http://t.co/76T126fdDj http://t.co/pSazKU3hGA	False	212	[]	['http://nyti.ms/1I18iAu']	Wed Jul 15 15:32:23 +0000 2015	California Love ‚ù§	CaliLoveBUD	California Dreams	96	78	7506
RT @People4Bernie: @iFlopSets Presidential Hopeful Bernie Sanders on the Verge of Supporting the End of Prohibition https://t.co/jpWQNECP7s‚Ä¶	False	4	[]	['https://shar.es/1sfZSN']	Wed Jul 15 15:33:19 +0000 2015	Day Trader, Cannabis Advocate, Poker Player,  Washington Football & Basketball fan.  #NZ #DairyFree	iFlopSets	Matt	1501	2513	56975
RT @De4Bernie: African Americans for Bernie Sanders on FB. check them out #FeelTheBern  #EnoughIsEnough https://t.co/ZPW9ejXJoG	False	13	['FeelTheBern', 'EnoughIsEnough']	['https://www.facebook.com/groups/AfricanAmericans4BernieSanders/']	Wed Jul 15 15:32:36 +0000 2015	#JillSteinBaraka  #GreenParty2016, #BLM =Novel,"Paradise Now,"& Philosophy,="BecomingThe Thinker."@memcculloch fan+LOVE Our2Cats!&	CharlesMunn1	Charles Munn,	81382	89866	212439
RT @NateSilver538: What some folks in the media get wrong about Bernie Sanders and Hillary Clinton, explained. http://t.co/248AepFKnt http:‚Ä¶	False	155	[]	['http://53eig.ht/1O6yqbo']	Wed Jul 15 15:33:50 +0000 2015	Election Junkie; RTs not endorsement	arungiri	arun giri	2178	6410	90696
Bernie Sanders gets his say on Clinton's day in Capitol http://t.co/YFCjeEM9M9 via @usnews #FeelTheBern #Bernie2016 @Women4Bernie	False	1	['FeelTheBern', 'Bernie2016']	['http://t.usnews.com/Zbd85z']	Wed Jul 15 15:30:55 +0000 2015	#EarthSpeak Discovering How to Speak With Earth and For Earth #OurRevolution I am #TheResistance #NotMyPresident #NeverTrump #BoycottTrump #Resist @EarthWins	Living4Earth	EarthSpeak	13723	13838	29939
did this account really just tweet a picture of Bernie Sanders?  https://t.co/kaabYZflZI	False	0	[]	['https://twitter.com/CloydRivers/status/621141001349038080']	Wed Jul 15 15:32:05 +0000 2015	just a slept on Gemini from Georgia . INTP . USC2019 . BLM . Go Raiders . Go Noles . Go Beyonc√© . Go you .	_emmy_p_	Emily Parker New	157	247	6715
RT @WI4Bernie: Bernie Sanders‚Äô Plan To Make Solar Power More Accessible http://t.co/e4nENVcCuQ via @climateprogress #FeelTheBern http://t.c‚Ä¶	False	5	['FeelTheBern']	['http://thkpr.gs/3677745']	Wed Jul 15 15:31:14 +0000 2015	#WaterIsLife #OilIsDeath #OneWorld #KeepItInTheGround  #ProtectWaterEarth #EndWar #NoNukes #BernieJill TrumpNo #BDS #FreeJulian #DeMilitarize #DeColonize NoDAPL	ShaktiLila	Humans = #Quantum	5001	3767	170894
@wendyblazer65 @SenSanders Yes A growing # of medical researchers and doctors disagree wi the 69 vaccines that children are required to get.	False	0	[]	[]	Wed Jul 15 15:32:43 +0000 2015	Why do liberals who generally do not trust big corporations &are typically supportive of minorities, think just the opposite on the vaccination issue?Bill Maher	greenthems	The Green Hornet	2567	2203	19124
RT @KnowledgeVX: Hilary camp say Bernie Sanders has done nothing for the African Americans, this is untrue, he has been fighting for civil ‚Ä¶	False	8	[]	[]	Wed Jul 15 15:31:44 +0000 2015	#JillSteinBaraka  #GreenParty2016, #BLM =Novel,"Paradise Now,"& Philosophy,="BecomingThe Thinker."@memcculloch fan+LOVE Our2Cats!&	CharlesMunn1	Charles Munn,	81382	89866	212439
.@SenSanders taps into Obama digital braintrust. "We were looking for a candidate ... who could inspire a movement,‚Äù http://t.co/4FYZB6aWrH	False	1	[]	['http://lat.ms/1Hxk4Ni']	Wed Jul 15 15:31:09 +0000 2015	LA Times in DC. Covering: Trump. Climate. Politics of tech, food, pot. Left coast Resistance. Living Beltway, dreaming California.	evanhalper	Evan Halper	1167	4431	3081
RT @NateSilver538: What some folks in the media get wrong about Bernie Sanders and Hillary Clinton, explained. http://t.co/248AepFKnt http:‚Ä¶	False	155	[]	['http://53eig.ht/1O6yqbo']	Wed Jul 15 15:33:46 +0000 2015	Exists simultaneously as wave and particle. Occasionally pretends to be a writer.	MiklCraw4d	Michael Crawford	901	1004	99572
RT @nytimes: Hillary Clinton and Bernie Sanders meet again ‚Äî in the Senate http://t.co/76T126fdDj http://t.co/pSazKU3hGA	False	212	[]	['http://nyti.ms/1I18iAu']	Wed Jul 15 15:32:08 +0000 2015	EcoSocialist. Green Party. Non-believer. Dog lover. Aspiring vegan. Coffee addict. Packers & Spurs fan.  Clinical psychologist & professor to pay bills.	t_post7	Timothy Post	3113	2236	139928
RT @nytimes: Hillary Clinton and Bernie Sanders meet again ‚Äî in the Senate http://t.co/76T126fdDj http://t.co/pSazKU3hGA	False	212	[]	['http://nyti.ms/1I18iAu']	Wed Jul 15 15:33:55 +0000 2015	Through the rabbit hole and back. One eye looking at you Jack.	HThurs	Howard B. Thurston	3969	3146	68582
RT @nytimes: Hillary Clinton and Bernie Sanders meet again ‚Äî in the Senate http://t.co/76T126fdDj http://t.co/pSazKU3hGA	False	212	[]	['http://nyti.ms/1I18iAu']	Wed Jul 15 15:32:37 +0000 2015	All things progressive.	IL4Revolution	IL Progressives	7445	7451	17655
I think the average 5 year old understands economics better than Bernie Sanders #HandsOffMyWallet http://t.co/tYtMgwTs5k	False	0	['HandsOffMyWallet']	['http://on.mktw.net/1CGwrtU']	Wed Jul 15 15:32:45 +0000 2015	Wealth Manager to successful families, champion of capitalism, and lover of University of Kentucky athletics. Go Big Blue!	MGSimmons5280	Sim.0	2063	1658	10306
What some folks in the media get wrong about Bernie Sanders and Hillary Clinton, explained. http://t.co/248AepFKnt http://t.co/8OaBfRc343	False	155	[]	['http://53eig.ht/1O6yqbo']	Wed Jul 15 15:30:50 +0000 2015	Editor-in-Chief, @FiveThirtyEight. Author, The Signal and the Noise (https://t.co/EYTxvN6BLY). Sports/politics/food geek.	NateSilver538	Nate Silver	948	1869454	15273
RT @nytimes: Hillary Clinton and Bernie Sanders meet again ‚Äî in the Senate http://t.co/76T126fdDj http://t.co/pSazKU3hGA	False	212	[]	['http://nyti.ms/1I18iAu']	Wed Jul 15 15:32:04 +0000 2015	Vermonter. Reproductive Rights. Feminist. Well aged.	pattysmattyvt	Patty Bosley	2385	2206	80083
RT @NateSilver538: What some folks in the media get wrong about Bernie Sanders and Hillary Clinton, explained. http://t.co/248AepFKnt http:‚Ä¶	False	155	[]	['http://53eig.ht/1O6yqbo']	Wed Jul 15 15:34:06 +0000 2015	politics producer @siriusxm (https://t.co/pHgfxI5y4i) and creator of #beginnerpodcast | formerly @wnyc & @medillschool | send tips to misha.euceph@gmail.com	MishaEuceph	Misha Euceph	253	310	2216
Republicans Crushed As Elizabeth Warren and Bernie Sanders Support Obama On Iran Deal http://t.co/gzVgEVeBqC	False	0	[]	['http://zite.to/1Lg9sHt']	Wed Jul 15 15:30:24 +0000 2015	Concerned political junky	Mason8777	nosamnod	227	546	174359
RT @WI4Bernie: Bernie Sanders gets his say on Clinton's day in Capitol http://t.co/YFCjeEM9M9 via @usnews #FeelTheBern #Bernie2016 @Women4B‚Ä¶	False	1	['FeelTheBern', 'Bernie2016']	['http://t.usnews.com/Zbd85z']	Wed Jul 15 15:31:29 +0000 2015	selling drugs to support my non-profit cat house.  Always tell the truth it's easier to remember I love Esalyn lapsed Unitarian	dnauerbach13	#BringBernieBack13	2525	3337	109015
We are super stoked to announce that we will be playing this Bernie Sanders fundraiser this Saturday. This is a... http://t.co/kH6raVeFB1	False	0	[]	['http://fb.me/5mR7Hbuww']	Wed Jul 15 15:32:02 +0000 2015	Jonny is a philosopher, artist, musician, performer, engineer, poet, film maker, music instructor, graphic designer, & free-thinking activist from Riverside, CA	jonnymillerjr	Jonny Miller	1792	889	1946
@iFlopSets Presidential Hopeful Bernie Sanders on the Verge of Supporting the End of Prohibition https://t.co/jpWQNECP7s #FeelTheBern	False	4	['FeelTheBern']	['https://shar.es/1sfZSN']	Wed Jul 15 15:31:04 +0000 2015	We are activists and organizers building a broad, effective movement for democratic change. Love each other. Internet Mom of #FeelTheBern.	People4Bernie	People For Bernie	1286	75468	54340
RT @gracielap123: @SenSanders need to understand that Latinos r a huge factor 4 any party most of us have family that are IMG.#USlatino htt‚Ä¶	False	60	['USlatino']	[]	Wed Jul 15 15:32:39 +0000 2015		guillermo21ksk	guillermo	730	619	35773
RT @bjs5555: Official July 15th Money Bomb for BERNIE SANDERS https://t.co/ls3i8s82En	False	4	[]	['https://www.facebook.com/events/366889300167169/']	Wed Jul 15 15:34:00 +0000 2015	Former host JOBLESS TALK Radio Show LOTTO WINNER Committed to helping mankind Laugh & Think	paladinette	TWITr WITz	13462	16668	162307
RT @nytimes: Hillary Clinton and Bernie Sanders meet again ‚Äî in the Senate http://t.co/76T126fdDj http://t.co/pSazKU3hGA	False	212	[]	['http://nyti.ms/1I18iAu']	Wed Jul 15 15:33:05 +0000 2015	Lady comic. Loud mouth. Mother of Dragons.	kelli_strong	Kelli Strong	499	115	1810
RT @Bernie_Updates: Let's get Bernie Sanders trending! It's MoneyBomb day, donate $15 for $15/hr min wage! Sign up here https://t.co/Ftj43m‚Ä¶	False	11	[]	[]	Wed Jul 15 15:33:15 +0000 2015	Former host JOBLESS TALK Radio Show LOTTO WINNER Committed to helping mankind Laugh & Think	paladinette	TWITr WITz	13462	16668	162307
RT @atlantico_fr: Primaire d√©mocrate : Bernie Sanders, l'homme qui pouvait menacer Hillary Clinton &gt; http://t.co/8o5iTyOIQK http://t.co/r9X‚Ä¶	False	1	[]	['http://ebx.sh/1L9xplb']	Wed Jul 15 15:31:11 +0000 2015	La libert√© est une rupture |  Responsable des @JeunesReps du Boulonnais #circo6205 | √âlu √©tudiant @DroiteUniv | Contributeur @le_Figaro | #NeverGiveUp	m_lemasson	Maxence Lemasson	461	1796	44191
#53eig "The Bernie Sanders Surge Is About Bernie, Not Hillary" http://t.co/LA0WnUifUD	False	0	['53eig']	['http://j.mp/1CH6V7M']	Wed Jul 15 15:33:46 +0000 2015		helioRocha_	Helio Rocha	396	611	29541
Bernie Sanders‚Äô Senate colleagues stunned by his ascent http://t.co/qwAtvtUZ4o via @POLITICO #FeelTheBern #Bernie2016 @Women4Bernie	False	0	['FeelTheBern', 'Bernie2016']	['http://www.politico.com/story/2015/07/bernie-sanders-2016-senate-colleagues-opinions-120007.html']	Wed Jul 15 15:31:58 +0000 2015	#EarthSpeak Discovering How to Speak With Earth and For Earth #OurRevolution I am #TheResistance #NotMyPresident #NeverTrump #BoycottTrump #Resist @EarthWins	Living4Earth	EarthSpeak	13723	13838	29939
Bernie Sanders, the Early Years - 1 of 13 http://t.co/iI2cMe3GdD	False	0	[]	['http://www.politico.com/magazine/gallery/2015/07/bernie-sanders-the-early-years/002279-032662.html']	Wed Jul 15 15:34:16 +0000 2015	Good people, good music, good lovin' in my life makes me happy. Downtown Raleigh advocate and resident and proponent of places that encourage people to dance.	FreakoAmerican	Chico Scott	366	362	166
RT @nytimes: Hillary Clinton and Bernie Sanders meet again ‚Äî in the Senate http://t.co/76T126fdDj http://t.co/pSazKU3hGA	False	212	[]	['http://nyti.ms/1I18iAu']	Wed Jul 15 15:34:28 +0000 2015	if you are free, you need to free somebody else. If you have some power, then your job is to empower somebody else.	bryce_madrid	bryce	497	779	7427
@SenSanders highlights his differences with @HillaryClinton. http://t.co/JnJY0C0csZ	False	0	[]	['http://www.theguardian.com/us-news/2015/jul/14/bernie-sanders-hillary-clinton-differences']	Wed Jul 15 15:31:40 +0000 2015	Founder #energy/#environmental company to save lives,$s, father, sailor, biker, dog lover, 4 time #Ironman, #fitness guru. CEO https://t.co/hS83BLF420	BrettHulseyWI	Brett Hulsey	2845	2687	19163
Why #Bernie Sanders Gets Twice as Much Applause as Hillary #Clinton When He Speaks http://t.co/l7sdPIigXc http://t.co/GQ74NuaBVe	False	0	['Bernie', 'Clinton']	['http://bit.ly/1Hx5Egc']	Wed Jul 15 15:30:07 +0000 2015	Producer üé∂ | Christian üíí | Patriot üá∫üá∏ #IG:1KCHardaway #LibertyOrDeath	1kchardaway	‚úåKC Hardaway‚úå	55	6325	30269
RT @tfarley1969: @CMZR @TheBoNose @SenatorTester @LIOptOut @UFT @SenSanders I don't have the foggiest. If he wants to beat Hillary, he need‚Ä¶	False	2	[]	[]	Wed Jul 15 15:31:57 +0000 2015		GWOMAN23	GLORIA	347	160	9224
RT @NateSilver538: What some folks in the media get wrong about Bernie Sanders and Hillary Clinton, explained. http://t.co/248AepFKnt http:‚Ä¶	False	155	[]	['http://53eig.ht/1O6yqbo']	Wed Jul 15 15:33:52 +0000 2015	Sports, politics, religion, history, movies, TV, restaurants, wine, outdoors -- that'll get us started.	Lynn_Henning	Lynn G. Henning	682	15294	73767
RT @NateSilver538: What some folks in the media get wrong about Bernie Sanders and Hillary Clinton, explained. http://t.co/248AepFKnt http:‚Ä¶	False	155	[]	['http://53eig.ht/1O6yqbo']	Wed Jul 15 15:31:53 +0000 2015	Software Engineer, header photo from: https://t.co/IFclwPBKyC, profile photo transformed by: https://t.co/P9BVufoPtq	amiranda222	Alexander Miranda	1193	238	1000
RT @nytimes: Hillary Clinton and Bernie Sanders meet again ‚Äî in the Senate http://t.co/76T126fdDj http://t.co/pSazKU3hGA	False	212	[]	['http://nyti.ms/1I18iAu']	Wed Jul 15 15:33:27 +0000 2015	Pennsylvania Supporters For The Democratic Presidential Candidate, Bernie Sanders. #Bernie2016 #FeelTheBern PAForBernie@gmail.com	PA4Bernie	PA For Bernie	2350	3679	512
@jedditelol I actually agree about Rove, he's a squish. But Trump's going to get Hillary elected. Trump was Bernie Sanders until 3 years ago	False	0	[]	[]	Wed Jul 15 15:30:12 +0000 2015	Liberals are always working for the common bad. ===  Conservative, Atheist, libertarian, Programmer,Gamer,Technerd. FOOLer. https://t.co/9g0qPR2dRf	thehiredmind	BAH! Humbuggery...	2407	3156	64560
Primaire d√©mocrate : Bernie Sanders, l'homme qui pouvait menacer Hillary Clinton &gt; http://t.co/8o5iTyOIQK http://t.co/r9Xv2v0wSc	False	1	[]	['http://ebx.sh/1L9xplb']	Wed Jul 15 15:30:09 +0000 2015	Un vent nouveau sur l'info. ‚Äî Abonnez-vous ! http://t.co/5BMmPQvtfO	atlantico_fr	Atlantico	759	66211	97589
RT @NateSilver538: What some folks in the media get wrong about Bernie Sanders and Hillary Clinton, explained. http://t.co/248AepFKnt http:‚Ä¶	False	155	[]	['http://53eig.ht/1O6yqbo']	Wed Jul 15 15:34:18 +0000 2015	Engineer, modeler & data addict. Love all my 20 dogs, to read, trailrunning and cycling. Committed to work for equality & to protect nature	ca_su_ad	Carla	659	270	1660
RT @NateSilver538: What some folks in the media get wrong about Bernie Sanders and Hillary Clinton, explained. http://t.co/248AepFKnt http:‚Ä¶	False	155	[]	['http://53eig.ht/1O6yqbo']	Wed Jul 15 15:32:37 +0000 2015	Mom of two, Phillies fan & Member of DarkSide Audio Book club  RTs are not endorsements  unless it's about a book, I only retweet what I plan to read	Kathmandu513	Katmandu in mourning	1179	431	29091
RT @mahilena: Bernie Sanders hails Iran deal: 'A victory for diplomacy' http://t.co/1BmUawUClV	False	2	[]	['http://fb.me/3rbAm946C']	Wed Jul 15 15:32:58 +0000 2015	former candidate for 5th district Detroit,Mi Progressive Democrat,fighter for the 99%,I am my brother's and sisters keeper's,	SenatorMeka31	Meka	4110	2344	59211
RT @NateSilver538: What some folks in the media get wrong about Bernie Sanders and Hillary Clinton, explained. http://t.co/248AepFKnt http:‚Ä¶	False	155	[]	['http://53eig.ht/1O6yqbo']	Wed Jul 15 15:32:12 +0000 2015		i_am_on_a_horse	guy incognito	133	55	1058
Primary Season - Thoughts about Bernie Sanders and his run for president.  http://t.co/XZQMu9gTks	False	0	[]	['http://tmblr.co/ZaaEMv1peX7NJ']	Wed Jul 15 15:33:11 +0000 2015	I like community-worship-coffee-diners-Jesus-my siblings-cooking-getting loud-music-family-breaking bread-New Jersey-youth-children-summer camp.	NickWallwork	Nick Wallwork	276	192	2187
RT @Chessmanmark: "If anything, the @AFTunion endorsement of @HillaryClinton will only stoke the fires of @SenSanders campaign" @sullio htt‚Ä¶	False	2	[]	[]	Wed Jul 15 15:30:08 +0000 2015	Teach children to think and they will educate themselves.	Linda1746	Lindamarie	1990	3269	219914
RT @nytimes: Hillary Clinton and Bernie Sanders meet again ‚Äî in the Senate http://t.co/76T126fdDj http://t.co/pSazKU3hGA	False	212	[]	['http://nyti.ms/1I18iAu']	Wed Jul 15 15:33:39 +0000 2015	prolly thinking about a quesadilla #blm	mbroadway_	manny	1003	1484	63691
Bernie Sanders Moves Forward In Race For President #thugs4bernie #feelthebern #1u http://t.co/9qFdlvXgpP	False	0	['thugs4bernie', 'feelthebern', '1u']	['http://bit.ly/1I2DdfC']	Wed Jul 15 15:32:21 +0000 2015		thugs4bernie	Thugs4bernie	30	13	40
RT @NateSilver538: What some folks in the media get wrong about Bernie Sanders and Hillary Clinton, explained. http://t.co/248AepFKnt http:‚Ä¶	False	155	[]	['http://53eig.ht/1O6yqbo']	Wed Jul 15 15:31:57 +0000 2015	I'm surprised that I've survived my own disfunction, really.        -George Michael	jp_welsh	JP Welsh	547	197	8523
Hillary Clinton and Bernie Sanders Meet Again ‚Äî in the Senate Compary Hill &amp; Bern &amp; #FeelTheBern http://t.co/tnWZaAWOyR via @NYTPolitics	False	0	['FeelTheBern']	['http://nyti.ms/1fGKaa8']	Wed Jul 15 15:31:46 +0000 2015	Web developer #eCommerce @ Aabaco & BigCommerce Small Biz Partner. Build sites #Writer. #RTgoodBooks. #BernieSanders #Liberal #Atheist #Humanist #JillNotNill	Luminate_Design	James Hollomon	7902	7800	15853
Bernie Sanders‚Äô Face the Nation Interview like Deja-Vu Again for Hillary Clinton http://t.co/vvuW3DriWM via @BreitbartNews. LOL #FeelTheBern	False	0	['FeelTheBern']	['http://bit.ly/1eZeH1Q']	Wed Jul 15 15:34:11 +0000 2015	Roman Catholic/Socialist; Past Chair SPI / IWW Member / Green. Huge football(soccer) fan. GO FIRE...coffee addict:(blk) I'm a  blue blood Czech-American. Father	BLACKFLAGchi	Robert J. Pechacek	4985	2750	288996
RT @WI4Bernie: The Corporate Media Would Like You to Think Bernie Sanders Can‚Äôt Win http://t.co/80l9WLcJPv via @dailykos #FeelTheBern #Bern‚Ä¶	False	3	['FeelTheBern']	['http://www.dailykos.com/story/2015/05/22/1386790/-The-Corporate-Media-Would-Like-You-to-Think-Bernie-Sanders-Can-t-Win']	Wed Jul 15 15:30:25 +0000 2015	Just another human like you. Just to be clear if youre going to just rant about any of your gods Im not going to follow, Im an atheist goddamit!  Fuck Uniteblue	GodandtheBear	GodandtheBear	10521	11078	193912
John Boehner vs. Bernie Sanders: Who‚Äôs the Real Extremist? https://t.co/xJeKejByOZ via @sharethis	False	0	[]	['https://shar.es/1sfwwe']	Wed Jul 15 15:34:24 +0000 2015	Mostly Politics	ramaxe1965	ramaxe	2843	2492	212165
The plot to marginalize Bernie Sanders: A shared agenda that links Fox News and Hillary Clinton surrogates http://t.co/DT4O59UiCc via @Salon	False	1	[]	['http://www.salon.com/2015/07/14/the_plot_to_marginalize_bernie_sanders_the_shared_agenda_that_links_fox_news_and_hillary_clinton_surrogates/']	Wed Jul 15 15:33:53 +0000 2015	Composer, performer, producer based in NYC. I make amazing music for things.	sxipshirey	‚ñÅ ‚ñÇ ‚ñÉ ‚ñÑ SXIP SHIREY	1849	5529	34111
can bernie sanders speak at UNT at some point, PRetty pLEASE	False	0	[]	[]	Wed Jul 15 15:31:52 +0000 2015	Criminal Justice Kid. Could be a squid, could be a kid. The King of Strong Style. I talk about videogames a lot. GO BEYOND PLUS ULTRA	doctorblurg	‚ú®Bran‚ú®üèêüêï	414	140	18588
Bernie Sanders Event Moved to Convention Center  http://t.co/TmyJgAWesm via @phoenixnewtimes	False	0	[]	['http://www.phoenixnewtimes.com/news/bernie-sanders-event-moved-to-convention-center-7490663']	Wed Jul 15 15:32:13 +0000 2015	http://t.co/Ix6I7hXQLC Support Bernie Sanders run for the White House!	BernieTshirts	BernieSandersTshirts	244	297	285
RT @NateSilver538: What some folks in the media get wrong about Bernie Sanders and Hillary Clinton, explained. http://t.co/248AepFKnt http:‚Ä¶	False	155	[]	['http://53eig.ht/1O6yqbo']	Wed Jul 15 15:34:04 +0000 2015	Retired debate champ. Investigative Reporter @TheYoungTurks / Host @SXMProgress Contributor @CBSNLive @TheHill Frequently feisty @FoxNews Say it w/me: No-me-KEY	NomikiKonst	Nomiki Konst	4059	40648	31635
RT @Libertea2012: RT: 5 Reasons Bernie Sanders Would Be A Better President Than Hillary Clinton‚Ä¶ http://t.co/kVt4l7RHcP #UniteBlue http://t‚Ä¶	False	20	['UniteBlue']	['http://www.forwardprogressives.com/5-reasons-bernie-sanders-better-president-hillary-clinton/']	Wed Jul 15 15:30:19 +0000 2015	#Berniecrat #Bernie2016 #BernieOrBust #FeeltheBern #JeSuisBernie #ForThePeople #NeverHillary #NeverTrump #NeverCruz	cdmr9816	David Coty Roth	1495	1056	14136
Bernie Sanders is a Communist and an Ignoramus http://t.co/WeeNYuSXi1	False	0	[]	['http://ln.is/canadafreepress.com/pW5jE']	Wed Jul 15 15:30:57 +0000 2015	-hazard to all liberals and progressives !!!	MiddletownBuck	Bob Ratliff	690	783	36379
RT @nytimes: Hillary Clinton and Bernie Sanders meet again ‚Äî in the Senate http://t.co/76T126fdDj http://t.co/pSazKU3hGA	False	212	[]	['http://nyti.ms/1I18iAu']	Wed Jul 15 15:31:27 +0000 2015	üáµüá∏ #freepalestine üá®üá¥ Rest In Peace Carrie Fisher	RyanSigston	ryan	2444	873	11151
RT @NateSilver538: What some folks in the media get wrong about Bernie Sanders and Hillary Clinton, explained. http://t.co/248AepFKnt http:‚Ä¶	False	155	[]	['http://53eig.ht/1O6yqbo']	Wed Jul 15 15:34:00 +0000 2015	Writer based in Washington, DC. Formerly @newrepublic @MSNBC @washingtonpost. Not @seungminkim. Subscribe to my newsletter: https://t.co/XDrWRiT44X	SuzyKhimm	Suzy Khimm	995	17269	19988
Bernie Sanders Trolls Hillary Clinton Outside Her Meeting With Senate Democrats http://t.co/AqMP6I0FXw via @HuffPostPol #FeelTheBern	False	3	['FeelTheBern']	['http://huff.to/1M4nRr3']	Wed Jul 15 15:30:16 +0000 2015	#EarthSpeak Discovering How to Speak With Earth and For Earth #OurRevolution I am #TheResistance #NotMyPresident #NeverTrump #BoycottTrump #Resist @EarthWins	Living4Earth	EarthSpeak	13723	13838	29939
RT @nhbaptiste: The unemployment rate for young African Americans is 21.4%--and Bernie Sanders wants to do something about it: http://t.co/‚Ä¶	False	7	[]	[]	Wed Jul 15 15:31:14 +0000 2015	Runner, coder, writer, wannabe mycologist, political agent provocateur.  Known Current Affiliation(s): #TheResistance, Democratic World Federalists	lakesideliberal	#InnerCity Liberal	3174	3215	68706
Radical Rapper Killer Mike Just Endorsed Bernie Sanders for President - In These Times http://t.co/obk89VnZUL	False	0	[]	['http://inthesetimes.com/article/18126/killer-mike-bernie-sanders/']	Wed Jul 15 15:32:48 +0000 2015	Be careful, the corporate media and its government will have you hating the people who are being oppressed, and loving the people who are doing the oppressing	secondtimefarce	JB	1947	191	4171
@qHack @SenSanders also Q are you in any fb Bernie groups?  #FEELTHEBERN	False	0	['FEELTHEBERN']	[]	Wed Jul 15 15:30:47 +0000 2015		JANIEDAN	JANE DAN	1157	146	7888
RT @BlackPolitics3: Bernie Sanders Has A Plan To Win African-American Votes In 2016 Presidential E #civil rights for african americans http‚Ä¶	False	2	['civil']	[]	Wed Jul 15 15:31:17 +0000 2015	#JillSteinBaraka  #GreenParty2016, #BLM =Novel,"Paradise Now,"& Philosophy,="BecomingThe Thinker."@memcculloch fan+LOVE Our2Cats!&	CharlesMunn1	Charles Munn,	81382	89866	212439
RT @nytimes: Hillary Clinton and Bernie Sanders meet again ‚Äî in the Senate http://t.co/76T126fdDj http://t.co/pSazKU3hGA	False	212	[]	['http://nyti.ms/1I18iAu']	Wed Jul 15 15:32:13 +0000 2015	PA girl, loves Pittsburgh, Steelers, Pirates and Penguins!	pink_cadillac	randi	1799	739	27730
Photoset: whatareyoureallyafraidof: More Bernie Sanders stuff‚Ä¶ http://t.co/5Tc2MuaiuB	False	0	[]	['http://tmblr.co/Z0BNrw1peXDJX']	Wed Jul 15 15:33:36 +0000 2015	Fuck Twitter. Fuck Twitter's bullshit automated system. Fuck the fact you can't have a human correct their bullshit automated system. Link to my Tumblr below.	Jobe00	Jobe	366	76	49545
RT @nytimes: Hillary Clinton and Bernie Sanders meet again ‚Äî in the Senate http://t.co/76T126fdDj http://t.co/pSazKU3hGA	False	212	[]	['http://nyti.ms/1I18iAu']	Wed Jul 15 15:33:22 +0000 2015	brand advocate @cats	fakeadamcecil	Actual Human Cat	229	983	12382
RT @WI4Bernie: The Corporate Media Would Like You to Think Bernie Sanders Can‚Äôt Win http://t.co/80l9WLcJPv via @dailykos #FeelTheBern #Bern‚Ä¶	False	3	['FeelTheBern']	['http://www.dailykos.com/story/2015/05/22/1386790/-The-Corporate-Media-Would-Like-You-to-Think-Bernie-Sanders-Can-t-Win']	Wed Jul 15 15:32:37 +0000 2015	Former host JOBLESS TALK Radio Show LOTTO WINNER Committed to helping mankind Laugh & Think	paladinette	TWITr WITz	13462	16668	162307
RT @nytimes: Hillary Clinton and Bernie Sanders meet again ‚Äî in the Senate http://t.co/76T126fdDj http://t.co/pSazKU3hGA	False	212	[]	['http://nyti.ms/1I18iAu']	Wed Jul 15 15:31:18 +0000 2015	The political revolution is just beginning. Tweets by staff.	BernieSanders	Bernie Sanders	1519	4627725	10146
RT @NateSilver538: What some folks in the media get wrong about Bernie Sanders and Hillary Clinton, explained. http://t.co/248AepFKnt http:‚Ä¶	False	155	[]	['http://53eig.ht/1O6yqbo']	Wed Jul 15 15:31:44 +0000 2015	I am trying to learn how to use computers to do statistical and probabilistic learning. Computer engineer(?) Let's make some https://t.co/0H1XefpJGT	granderojo	Jake	927	361	35020
Are Fox News And Wall Street Really Terrified Of Bernie Sanders? http://t.co/eX03tTR7gl	False	0	[]	['http://fb.me/4anDJ4FFd']	Wed Jul 15 15:31:10 +0000 2015	Disabled, Sr, Independent Female Political Activist, disgruntled with terrorist Congress & White House willing to trade my investment in America away.	LaDeneBean	LaDene Bean	193	89	21547
RT @NateSilver538: What some folks in the media get wrong about Bernie Sanders and Hillary Clinton, explained. http://t.co/248AepFKnt http:‚Ä¶	False	155	[]	['http://53eig.ht/1O6yqbo']	Wed Jul 15 15:32:28 +0000 2015	After one look at this planet any visitor from outer space would say I WANT TO SEE THE MANAGER -- William S. Burroughs	boerneaj	Allan	5001	1900	255987
RT @gzornick: Notable signees to letter, led by Robert Menendez, include not only Elizabeth Warren and Bernie Sanders, but Marco Rubio and ‚Ä¶	False	2	[]	[]	Wed Jul 15 15:33:03 +0000 2015	Deputy Director of Communications @SenatorMenendez | Alumnus of @DemConvention, @SenatorReid | Opinions are mine alone | Viento de libertad sangre combativa.	JuanPachon_	Juan Pach√≥n	1907	1132	4718
@vtknitboy @SenSanders Well what can we do about this?..they are not looking at him openly..i sent a few messages to Bernie..	False	0	[]	[]	Wed Jul 15 15:33:26 +0000 2015		JANIEDAN	JANE DAN	1157	146	7888
BernieSanders: RT nytimes: Hillary Clinton and Bernie Sanders meet again ‚Äî in the Senate http://t.co/C41ZAcS7eq http://t.co/n4kuBjvht4	False	0	[]	['http://nyti.ms/1I18iAu']	Wed Jul 15 15:31:27 +0000 2015		leftsidestoryUS	Left Side Story	1914	2521	51979
RT @BlackPolitics3: Radical Rapper Killer Mike Just Endorsed Bernie Sanders for President #civil rights for african americans http://t.co/F‚Ä¶	False	2	['civil']	[]	Wed Jul 15 15:31:06 +0000 2015	#JillSteinBaraka  #GreenParty2016, #BLM =Novel,"Paradise Now,"& Philosophy,="BecomingThe Thinker."@memcculloch fan+LOVE Our2Cats!&	CharlesMunn1	Charles Munn,	81382	89866	212439
RT @Bernie_Updates: Let's get Bernie Sanders trending! It's MoneyBomb day, donate $15 for $15/hr min wage! Sign up here https://t.co/Ftj43m‚Ä¶	False	11	[]	[]	Wed Jul 15 15:33:59 +0000 2015	grassroots effort to get the vote for Bernie in the Greater Cininnati Area. rolled out @SEI4BS to get more local.  cincy4bernie available, dm me.	Cincy4Bernie	Follow- @SEI4BS	1038	992	6398
RT @NateSilver538: What some folks in the media get wrong about Bernie Sanders and Hillary Clinton, explained. http://t.co/248AepFKnt http:‚Ä¶	False	155	[]	['http://53eig.ht/1O6yqbo']	Wed Jul 15 15:31:42 +0000 2015	Politics Editor @fivethirtyeight. You can reach me at micahDOTcohenATfivethirtyeightDOTcom	micahcohen	Micah Cohen	976	26880	3475
'Bernie Sanders Can Become President' Has Replaced 'I Like Him, But He Can't Win' @HuffPostBlog  http://t.co/oBp9NShuox via @HuffPostPol	False	2	[]	['http://huff.to/1LNSn8l']	Wed Jul 15 15:34:08 +0000 2015	#EarthSpeak Discovering How to Speak With Earth and For Earth #OurRevolution I am #TheResistance #NotMyPresident #NeverTrump #BoycottTrump #Resist @EarthWins	Living4Earth	EarthSpeak	13723	13838	29939
